,alumnos_por_docente,aulas_por_docente,egresados_por_100_alumnos,grado_promedio_escolaridad,porcentaje_alfabetas,poblacion_asiste_escuela
alumnos_por_docente,1.0,0.8728379115789417,-0.0017887330709523528,0.1799502788876118,0.11065135110854712,0.1459200868423126
aulas_por_docente,0.8728379115789417,1.0,0.055002261274492606,0.06415266524910175,0.07092233048539244,0.06803349425639671
egresados_por_100_alumnos,-0.0017887330709523528,0.055002261274492606,1.0,-0.04129239803087109,0.003374991578865336,-0.03990354232006233
grado_promedio_escolaridad,0.1799502788876118,0.06415266524910175,-0.04129239803087109,1.0,0.7083963203155653,0.49734063318607713
porcentaje_alfabetas,0.11065135110854712,0.07092233048539244,0.003374991578865336,0.7083963203155653,1.0,0.18916793493751427
poblacion_asiste_escuela,0.1459200868423126,0.06803349425639671,-0.03990354232006233,0.49734063318607713,0.18916793493751427,1.0
